comparison,metric,test statistic,p-value,effect size
ntnl,w/l,0.40808560942503097,1.080595127663746
ntnl,stretch,0.4790093170791748,0.8814606213588507
atal,w/l,0.016314584831771294,2.5284438956432167
atal,stretch,0.027024200127664898,2.3344295886676405
ntat,w/l,0.3672408652908759,-1.0015955898638427
ntat,stretch,0.35471649553334256,-0.9809653446892269
nlal,w/l,0.7175159709864771,0.2526582124285506
nlal,stretch,0.5239293684410511,0.4462894307377436
