Experiment,"w/l (exp, ave)","w/l (exp, std)",stretch (ave),stretch (std)
neonate_transverse,0.167,0.039,1.0657723381451047,0.017853745296417034
neonate_longitudinal,0.095,0.043,1.0385619858281538,0.019035849125707993
adult_transverse,0.23,0.073,1.095207423486437,0.03871079619012374
adult_longitudinal,0.092,0.046,1.034139273726039,0.01879325837431778
