comparison,metric,p-value,effect size
ntnl,w/l,0.15889714118407716,1.7481350094654935
ntnl,stretch,0.22788148348535958,1.3966129000539789
atal,w/l,0.02340234148210026,2.270919877930377
atal,stretch,0.041263203048814055,2.0340215021599084
ntat,w/l,0.2411820686967065,-1.0851926707407704
ntat,stretch,0.251864501404522,-1.026911953883426
nlal,w/l,0.9144729783862455,0.0751994840319921
nlal,stretch,0.7072818262279338,0.2624275907124613
