Experiment,"w/l (exp, ave)","w/l (exp, std)",stretch (ave),stretch (std)
nt,0.16695,0.03867874093090415,1.0661665123135213,0.017678302366566704
nl,0.09532,0.0431494148280136,1.0396006022323603,0.019513524709694568
at,0.23035,0.07300961123943432,1.0975397747744196,0.038771260710688
al,0.091975,0.045775202530045314,1.034704648674318,0.01901682030903587
