comparison,metric,p-value,effect size
ntnl,w/l,0.08762212270000297,1.7481350094654935
ntnl,stretch,0.16646080403278296,1.3966129000539789
atal,w/l,0.015191410988288745,2.270919877930377
atal,stretch,0.030300984856003035,2.0340215021599084
ntat,w/l,0.24372664518201748,-1.0851926707407704
ntat,stretch,0.24372664518201748,-1.026911953883426
nlal,w/l,0.4512616250888397,0.0751994840319921
nlal,stretch,0.3566515869392288,0.2624275907124613
